Sample,AUC,KS Statistic
Development,0.7600396048036794,0.38941592308501627
OOT,0.7054577809950384,0.3118701835346635
